country_code,country_name,year,variable,valor
AT,Austria,2014,gini,27.6
AT,Austria,2015,gini,27.2
AT,Austria,2016,gini,27.2
AT,Austria,2017,gini,27.9
AT,Austria,2018,gini,26.8
AT,Austria,2019,gini,27.5
AT,Austria,2020,gini,27.0
AT,Austria,2021,gini,26.7
AT,Austria,2022,gini,27.8
AT,Austria,2023,gini,28.1
AT,Austria,2024,gini,28.4
BE,Belgium,2014,gini,25.9
BE,Belgium,2015,gini,26.2
BE,Belgium,2016,gini,26.3
BE,Belgium,2017,gini,26.1
BE,Belgium,2018,gini,25.7
BE,Belgium,2019,gini,25.1
BE,Belgium,2020,gini,25.3
BE,Belgium,2021,gini,24.1
BE,Belgium,2022,gini,24.7
BE,Belgium,2023,gini,24.3
BE,Belgium,2024,gini,24.6
CY,Cyprus,2014,gini,34.8
CY,Cyprus,2015,gini,33.6
CY,Cyprus,2016,gini,32.1
CY,Cyprus,2017,gini,30.8
CY,Cyprus,2018,gini,29.1
CY,Cyprus,2019,gini,31.5
CY,Cyprus,2020,gini,29.3
CY,Cyprus,2021,gini,29.3
CY,Cyprus,2022,gini,29.0
CY,Cyprus,2023,gini,29.3
CY,Cyprus,2024,gini,30.1
DE,Germany,2014,gini,30.7
DE,Germany,2015,gini,30.1
DE,Germany,2016,gini,29.5
DE,Germany,2017,gini,29.1
DE,Germany,2018,gini,31.1
DE,Germany,2019,gini,29.7
DE,Germany,2020,gini,30.5
DE,Germany,2021,gini,31.2
DE,Germany,2022,gini,29.0
DE,Germany,2023,gini,29.4
DE,Germany,2024,gini,29.5
EE,Estonia,2014,gini,35.6
EE,Estonia,2015,gini,34.8
EE,Estonia,2016,gini,32.7
EE,Estonia,2017,gini,31.6
EE,Estonia,2018,gini,30.6
EE,Estonia,2019,gini,30.5
EE,Estonia,2020,gini,30.5
EE,Estonia,2021,gini,30.6
EE,Estonia,2022,gini,31.9
EE,Estonia,2023,gini,31.8
EE,Estonia,2024,gini,30.8
EL,Greece,2014,gini,34.5
EL,Greece,2015,gini,34.2
EL,Greece,2016,gini,34.3
EL,Greece,2017,gini,33.4
EL,Greece,2018,gini,32.3
EL,Greece,2019,gini,31.0
EL,Greece,2020,gini,31.4
EL,Greece,2021,gini,32.4
EL,Greece,2022,gini,31.4
EL,Greece,2023,gini,31.8
EL,Greece,2024,gini,31.8
ES,Spain,2014,gini,34.7
ES,Spain,2015,gini,34.6
ES,Spain,2016,gini,34.5
ES,Spain,2017,gini,34.1
ES,Spain,2018,gini,33.2
ES,Spain,2019,gini,33.0
ES,Spain,2020,gini,32.1
ES,Spain,2021,gini,33.0
ES,Spain,2022,gini,32.0
ES,Spain,2023,gini,31.5
ES,Spain,2024,gini,31.2
FI,Finland,2014,gini,25.6
FI,Finland,2015,gini,25.2
FI,Finland,2016,gini,25.4
FI,Finland,2017,gini,25.3
FI,Finland,2018,gini,25.9
FI,Finland,2019,gini,26.2
FI,Finland,2020,gini,26.5
FI,Finland,2021,gini,25.7
FI,Finland,2022,gini,26.6
FI,Finland,2023,gini,26.6
FI,Finland,2024,gini,26.1
FR,France,2014,gini,29.2
FR,France,2015,gini,29.2
FR,France,2016,gini,29.3
FR,France,2017,gini,28.8
FR,France,2018,gini,28.5
FR,France,2019,gini,29.2
FR,France,2020,gini,29.2
FR,France,2021,gini,29.3
FR,France,2022,gini,29.8
FR,France,2023,gini,29.7
FR,France,2024,gini,30.0
HR,Croatia,2014,gini,30.2
HR,Croatia,2015,gini,30.4
HR,Croatia,2016,gini,29.8
HR,Croatia,2017,gini,29.9
HR,Croatia,2018,gini,29.7
HR,Croatia,2019,gini,29.2
HR,Croatia,2020,gini,28.3
HR,Croatia,2021,gini,29.2
HR,Croatia,2022,gini,28.5
HR,Croatia,2023,gini,29.7
HR,Croatia,2024,gini,29.8
IE,Ireland,2014,gini,31.0
IE,Ireland,2015,gini,29.7
IE,Ireland,2016,gini,29.6
IE,Ireland,2017,gini,30.6
IE,Ireland,2018,gini,28.9
IE,Ireland,2019,gini,28.0
IE,Ireland,2020,gini,27.6
IE,Ireland,2021,gini,26.6
IE,Ireland,2022,gini,26.9
IE,Ireland,2023,gini,27.4
IE,Ireland,2024,gini,26.4
IT,Italy,2014,gini,32.4
IT,Italy,2015,gini,32.4
IT,Italy,2016,gini,33.1
IT,Italy,2017,gini,32.7
IT,Italy,2018,gini,33.4
IT,Italy,2019,gini,32.8
IT,Italy,2020,gini,32.5
IT,Italy,2021,gini,32.9
IT,Italy,2022,gini,32.7
IT,Italy,2023,gini,31.5
IT,Italy,2024,gini,32.2
LT,Lithuania,2014,gini,35.0
LT,Lithuania,2015,gini,37.9
LT,Lithuania,2016,gini,37.0
LT,Lithuania,2017,gini,37.6
LT,Lithuania,2018,gini,36.9
LT,Lithuania,2019,gini,35.4
LT,Lithuania,2020,gini,35.1
LT,Lithuania,2021,gini,35.4
LT,Lithuania,2022,gini,36.2
LT,Lithuania,2023,gini,35.7
LT,Lithuania,2024,gini,35.3
LU,Luxembourg,2014,gini,28.7
LU,Luxembourg,2015,gini,28.5
LU,Luxembourg,2016,gini,29.6
LU,Luxembourg,2017,gini,29.2
LU,Luxembourg,2018,gini,31.3
LU,Luxembourg,2019,gini,32.3
LU,Luxembourg,2020,gini,31.2
LU,Luxembourg,2021,gini,29.6
LU,Luxembourg,2022,gini,29.1
LU,Luxembourg,2023,gini,30.6
LU,Luxembourg,2024,gini,30.1
LV,Latvia,2014,gini,35.5
LV,Latvia,2015,gini,35.4
LV,Latvia,2016,gini,34.5
LV,Latvia,2017,gini,34.5
LV,Latvia,2018,gini,35.6
LV,Latvia,2019,gini,35.2
LV,Latvia,2020,gini,34.5
LV,Latvia,2021,gini,35.7
LV,Latvia,2022,gini,34.3
LV,Latvia,2023,gini,34.0
LV,Latvia,2024,gini,34.2
MT,Malta,2014,gini,27.7
MT,Malta,2015,gini,28.1
MT,Malta,2016,gini,28.6
MT,Malta,2017,gini,28.2
MT,Malta,2018,gini,28.7
MT,Malta,2019,gini,28.0
MT,Malta,2020,gini,30.3
MT,Malta,2021,gini,31.2
MT,Malta,2022,gini,31.1
MT,Malta,2023,gini,33.0
MT,Malta,2024,gini,30.8
NL,Netherlands,2014,gini,26.2
NL,Netherlands,2015,gini,26.7
NL,Netherlands,2016,gini,26.9
NL,Netherlands,2017,gini,27.1
NL,Netherlands,2018,gini,27.4
NL,Netherlands,2019,gini,26.8
NL,Netherlands,2020,gini,28.2
NL,Netherlands,2021,gini,26.4
NL,Netherlands,2022,gini,26.3
NL,Netherlands,2023,gini,26.5
NL,Netherlands,2024,gini,25.9
PT,Portugal,2014,gini,34.5
PT,Portugal,2015,gini,34.0
PT,Portugal,2016,gini,33.9
PT,Portugal,2017,gini,33.5
PT,Portugal,2018,gini,32.1
PT,Portugal,2019,gini,31.9
PT,Portugal,2020,gini,31.2
PT,Portugal,2021,gini,33.0
PT,Portugal,2022,gini,32.0
PT,Portugal,2023,gini,33.7
PT,Portugal,2024,gini,31.9
SI,Slovenia,2014,gini,25.0
SI,Slovenia,2015,gini,24.5
SI,Slovenia,2016,gini,24.4
SI,Slovenia,2017,gini,23.7
SI,Slovenia,2018,gini,23.4
SI,Slovenia,2019,gini,23.9
SI,Slovenia,2020,gini,23.5
SI,Slovenia,2021,gini,23.0
SI,Slovenia,2022,gini,23.1
SI,Slovenia,2023,gini,23.4
SI,Slovenia,2024,gini,23.8
SK,Slovakia,2014,gini,26.1
SK,Slovakia,2015,gini,23.7
SK,Slovakia,2016,gini,24.3
SK,Slovakia,2017,gini,23.2
SK,Slovakia,2018,gini,20.9
SK,Slovakia,2019,gini,22.8
SK,Slovakia,2020,gini,20.9
SK,Slovakia,2021,gini,21.8
SK,Slovakia,2022,gini,21.2
SK,Slovakia,2023,gini,21.6
SK,Slovakia,2024,gini,21.7
AT,Austria,2014,home_ownership_rate,57.2
AT,Austria,2015,home_ownership_rate,55.7
AT,Austria,2016,home_ownership_rate,55.0
AT,Austria,2017,home_ownership_rate,55.0
AT,Austria,2018,home_ownership_rate,55.4
AT,Austria,2019,home_ownership_rate,55.2
AT,Austria,2020,home_ownership_rate,55.3
AT,Austria,2021,home_ownership_rate,54.2
AT,Austria,2022,home_ownership_rate,51.4
AT,Austria,2023,home_ownership_rate,54.3
AT,Austria,2024,home_ownership_rate,54.5
BE,Belgium,2014,home_ownership_rate,72.0
BE,Belgium,2015,home_ownership_rate,71.4
BE,Belgium,2016,home_ownership_rate,70.9
BE,Belgium,2017,home_ownership_rate,72.4
BE,Belgium,2018,home_ownership_rate,72.3
BE,Belgium,2019,home_ownership_rate,71.4
BE,Belgium,2020,home_ownership_rate,71.1
BE,Belgium,2021,home_ownership_rate,71.3
BE,Belgium,2022,home_ownership_rate,72.4
BE,Belgium,2023,home_ownership_rate,71.9
BE,Belgium,2024,home_ownership_rate,70.3
CY,Cyprus,2014,home_ownership_rate,72.9
CY,Cyprus,2015,home_ownership_rate,73.0
CY,Cyprus,2016,home_ownership_rate,72.5
CY,Cyprus,2017,home_ownership_rate,70.7
CY,Cyprus,2018,home_ownership_rate,70.1
CY,Cyprus,2019,home_ownership_rate,70.0
CY,Cyprus,2020,home_ownership_rate,70.9
CY,Cyprus,2021,home_ownership_rate,71.3
CY,Cyprus,2022,home_ownership_rate,70.5
CY,Cyprus,2023,home_ownership_rate,70.1
CY,Cyprus,2024,home_ownership_rate,69.4
DE,Germany,2014,home_ownership_rate,52.5
DE,Germany,2015,home_ownership_rate,51.9
DE,Germany,2016,home_ownership_rate,51.7
DE,Germany,2017,home_ownership_rate,51.4
DE,Germany,2018,home_ownership_rate,51.5
DE,Germany,2019,home_ownership_rate,51.1
DE,Germany,2020,home_ownership_rate,50.5
DE,Germany,2021,home_ownership_rate,49.1
DE,Germany,2022,home_ownership_rate,46.5
DE,Germany,2023,home_ownership_rate,47.6
DE,Germany,2024,home_ownership_rate,47.2
EE,Estonia,2014,home_ownership_rate,81.5
EE,Estonia,2015,home_ownership_rate,81.5
EE,Estonia,2016,home_ownership_rate,81.4
EE,Estonia,2017,home_ownership_rate,81.8
EE,Estonia,2018,home_ownership_rate,82.4
EE,Estonia,2019,home_ownership_rate,81.7
EE,Estonia,2020,home_ownership_rate,81.4
EE,Estonia,2021,home_ownership_rate,81.6
EE,Estonia,2022,home_ownership_rate,82.0
EE,Estonia,2023,home_ownership_rate,80.7
EE,Estonia,2024,home_ownership_rate,79.3
EL,Greece,2014,home_ownership_rate,74.0
EL,Greece,2015,home_ownership_rate,75.1
EL,Greece,2016,home_ownership_rate,73.9
EL,Greece,2017,home_ownership_rate,73.3
EL,Greece,2018,home_ownership_rate,73.5
EL,Greece,2019,home_ownership_rate,75.4
EL,Greece,2020,home_ownership_rate,73.9
EL,Greece,2021,home_ownership_rate,73.3
EL,Greece,2022,home_ownership_rate,72.8
EL,Greece,2023,home_ownership_rate,69.6
EL,Greece,2024,home_ownership_rate,69.7
ES,Spain,2014,home_ownership_rate,78.8
ES,Spain,2015,home_ownership_rate,78.2
ES,Spain,2016,home_ownership_rate,77.8
ES,Spain,2017,home_ownership_rate,77.1
ES,Spain,2018,home_ownership_rate,76.3
ES,Spain,2019,home_ownership_rate,76.2
ES,Spain,2020,home_ownership_rate,75.1
ES,Spain,2021,home_ownership_rate,75.8
ES,Spain,2022,home_ownership_rate,76.0
ES,Spain,2023,home_ownership_rate,75.3
ES,Spain,2024,home_ownership_rate,73.7
FI,Finland,2014,home_ownership_rate,73.2
FI,Finland,2015,home_ownership_rate,72.7
FI,Finland,2016,home_ownership_rate,71.6
FI,Finland,2017,home_ownership_rate,71.4
FI,Finland,2018,home_ownership_rate,71.6
FI,Finland,2019,home_ownership_rate,71.1
FI,Finland,2020,home_ownership_rate,70.7
FI,Finland,2021,home_ownership_rate,70.3
FI,Finland,2022,home_ownership_rate,69.5
FI,Finland,2023,home_ownership_rate,69.2
FI,Finland,2024,home_ownership_rate,68.1
FR,France,2014,home_ownership_rate,65.0
FR,France,2015,home_ownership_rate,64.1
FR,France,2016,home_ownership_rate,64.9
FR,France,2017,home_ownership_rate,64.4
FR,France,2018,home_ownership_rate,65.1
FR,France,2019,home_ownership_rate,64.1
FR,France,2020,home_ownership_rate,63.6
FR,France,2021,home_ownership_rate,64.7
FR,France,2022,home_ownership_rate,63.4
FR,France,2023,home_ownership_rate,63.1
FR,France,2024,home_ownership_rate,61.2
HR,Croatia,2014,home_ownership_rate,89.7
HR,Croatia,2015,home_ownership_rate,90.3
HR,Croatia,2016,home_ownership_rate,90.0
HR,Croatia,2017,home_ownership_rate,90.5
HR,Croatia,2018,home_ownership_rate,90.1
HR,Croatia,2019,home_ownership_rate,89.7
HR,Croatia,2020,home_ownership_rate,91.3
HR,Croatia,2021,home_ownership_rate,90.5
HR,Croatia,2022,home_ownership_rate,91.1
HR,Croatia,2023,home_ownership_rate,91.2
HR,Croatia,2024,home_ownership_rate,91.0
IE,Ireland,2014,home_ownership_rate,68.4
IE,Ireland,2015,home_ownership_rate,69.6
IE,Ireland,2016,home_ownership_rate,69.5
IE,Ireland,2017,home_ownership_rate,69.5
IE,Ireland,2018,home_ownership_rate,70.3
IE,Ireland,2019,home_ownership_rate,68.9
IE,Ireland,2020,home_ownership_rate,69.6
IE,Ireland,2021,home_ownership_rate,69.8
IE,Ireland,2022,home_ownership_rate,70.5
IE,Ireland,2023,home_ownership_rate,69.4
IE,Ireland,2024,home_ownership_rate,69.3
IT,Italy,2014,home_ownership_rate,73.1
IT,Italy,2015,home_ownership_rate,72.9
IT,Italy,2016,home_ownership_rate,72.3
IT,Italy,2017,home_ownership_rate,72.4
IT,Italy,2018,home_ownership_rate,72.4
IT,Italy,2019,home_ownership_rate,72.4
IT,Italy,2020,home_ownership_rate,75.1
IT,Italy,2021,home_ownership_rate,73.7
IT,Italy,2022,home_ownership_rate,74.3
IT,Italy,2023,home_ownership_rate,75.2
IT,Italy,2024,home_ownership_rate,75.9
LT,Lithuania,2014,home_ownership_rate,89.9
LT,Lithuania,2015,home_ownership_rate,89.4
LT,Lithuania,2016,home_ownership_rate,90.3
LT,Lithuania,2017,home_ownership_rate,89.7
LT,Lithuania,2018,home_ownership_rate,89.9
LT,Lithuania,2019,home_ownership_rate,90.3
LT,Lithuania,2020,home_ownership_rate,88.6
LT,Lithuania,2021,home_ownership_rate,89.0
LT,Lithuania,2022,home_ownership_rate,88.6
LT,Lithuania,2023,home_ownership_rate,88.8
LT,Lithuania,2024,home_ownership_rate,87.4
LU,Luxembourg,2014,home_ownership_rate,72.5
LU,Luxembourg,2015,home_ownership_rate,73.2
LU,Luxembourg,2016,home_ownership_rate,73.9
LU,Luxembourg,2017,home_ownership_rate,74.7
LU,Luxembourg,2018,home_ownership_rate,71.2
LU,Luxembourg,2019,home_ownership_rate,70.9
LU,Luxembourg,2020,home_ownership_rate,68.4
LU,Luxembourg,2021,home_ownership_rate,71.1
LU,Luxembourg,2022,home_ownership_rate,72.4
LU,Luxembourg,2023,home_ownership_rate,67.6
LU,Luxembourg,2024,home_ownership_rate,63.5
LV,Latvia,2014,home_ownership_rate,80.9
LV,Latvia,2015,home_ownership_rate,80.2
LV,Latvia,2016,home_ownership_rate,80.9
LV,Latvia,2017,home_ownership_rate,81.5
LV,Latvia,2018,home_ownership_rate,81.6
LV,Latvia,2019,home_ownership_rate,80.2
LV,Latvia,2020,home_ownership_rate,81.2
LV,Latvia,2021,home_ownership_rate,83.2
LV,Latvia,2022,home_ownership_rate,83.1
LV,Latvia,2023,home_ownership_rate,82.8
LV,Latvia,2024,home_ownership_rate,83.7
MT,Malta,2014,home_ownership_rate,79.8
MT,Malta,2015,home_ownership_rate,80.4
MT,Malta,2016,home_ownership_rate,81.4
MT,Malta,2017,home_ownership_rate,81.3
MT,Malta,2018,home_ownership_rate,81.6
MT,Malta,2019,home_ownership_rate,79.8
MT,Malta,2020,home_ownership_rate,81.9
MT,Malta,2021,home_ownership_rate,81.9
MT,Malta,2022,home_ownership_rate,82.6
MT,Malta,2023,home_ownership_rate,74.7
MT,Malta,2024,home_ownership_rate,68.1
NL,Netherlands,2014,home_ownership_rate,67.0
NL,Netherlands,2015,home_ownership_rate,67.8
NL,Netherlands,2016,home_ownership_rate,69.0
NL,Netherlands,2017,home_ownership_rate,69.4
NL,Netherlands,2018,home_ownership_rate,68.9
NL,Netherlands,2019,home_ownership_rate,68.9
NL,Netherlands,2020,home_ownership_rate,69.1
NL,Netherlands,2021,home_ownership_rate,70.1
NL,Netherlands,2022,home_ownership_rate,70.6
NL,Netherlands,2023,home_ownership_rate,69.3
NL,Netherlands,2024,home_ownership_rate,68.8
PT,Portugal,2014,home_ownership_rate,74.9
PT,Portugal,2015,home_ownership_rate,74.8
PT,Portugal,2016,home_ownership_rate,75.2
PT,Portugal,2017,home_ownership_rate,74.7
PT,Portugal,2018,home_ownership_rate,74.5
PT,Portugal,2019,home_ownership_rate,73.9
PT,Portugal,2020,home_ownership_rate,77.3
PT,Portugal,2021,home_ownership_rate,78.3
PT,Portugal,2022,home_ownership_rate,77.8
PT,Portugal,2023,home_ownership_rate,76.0
PT,Portugal,2024,home_ownership_rate,73.4
SI,Slovenia,2014,home_ownership_rate,76.7
SI,Slovenia,2015,home_ownership_rate,76.2
SI,Slovenia,2016,home_ownership_rate,75.1
SI,Slovenia,2017,home_ownership_rate,75.6
SI,Slovenia,2018,home_ownership_rate,75.1
SI,Slovenia,2019,home_ownership_rate,74.8
SI,Slovenia,2020,home_ownership_rate,74.6
SI,Slovenia,2021,home_ownership_rate,76.1
SI,Slovenia,2022,home_ownership_rate,75.4
SI,Slovenia,2023,home_ownership_rate,75.2
SI,Slovenia,2024,home_ownership_rate,74.8
SK,Slovakia,2014,home_ownership_rate,90.3
SK,Slovakia,2015,home_ownership_rate,89.3
SK,Slovakia,2016,home_ownership_rate,89.5
SK,Slovakia,2017,home_ownership_rate,90.1
SK,Slovakia,2018,home_ownership_rate,91.3
SK,Slovakia,2019,home_ownership_rate,90.9
SK,Slovakia,2020,home_ownership_rate,92.3
SK,Slovakia,2021,home_ownership_rate,92.9
SK,Slovakia,2022,home_ownership_rate,93.0
SK,Slovakia,2023,home_ownership_rate,93.6
SK,Slovakia,2024,home_ownership_rate,93.1
AT,Austria,2014,unemployment_rate,6.0
AT,Austria,2015,unemployment_rate,6.1
AT,Austria,2016,unemployment_rate,6.5
AT,Austria,2017,unemployment_rate,5.9
AT,Austria,2018,unemployment_rate,5.2
AT,Austria,2019,unemployment_rate,4.8
AT,Austria,2020,unemployment_rate,6.0
AT,Austria,2021,unemployment_rate,6.2
AT,Austria,2022,unemployment_rate,4.8
AT,Austria,2023,unemployment_rate,5.1
AT,Austria,2024,unemployment_rate,5.2
BE,Belgium,2014,unemployment_rate,8.7
BE,Belgium,2015,unemployment_rate,8.7
BE,Belgium,2016,unemployment_rate,7.9
BE,Belgium,2017,unemployment_rate,7.2
BE,Belgium,2018,unemployment_rate,6.0
BE,Belgium,2019,unemployment_rate,5.5
BE,Belgium,2020,unemployment_rate,5.8
BE,Belgium,2021,unemployment_rate,6.3
BE,Belgium,2022,unemployment_rate,5.6
BE,Belgium,2023,unemployment_rate,5.5
BE,Belgium,2024,unemployment_rate,5.7
CY,Cyprus,2014,unemployment_rate,16.1
CY,Cyprus,2015,unemployment_rate,15.0
CY,Cyprus,2016,unemployment_rate,13.0
CY,Cyprus,2017,unemployment_rate,11.1
CY,Cyprus,2018,unemployment_rate,8.4
CY,Cyprus,2019,unemployment_rate,7.2
CY,Cyprus,2020,unemployment_rate,7.6
CY,Cyprus,2021,unemployment_rate,7.2
CY,Cyprus,2022,unemployment_rate,6.3
CY,Cyprus,2023,unemployment_rate,5.8
CY,Cyprus,2024,unemployment_rate,4.9
DE,Germany,2014,unemployment_rate,4.7
DE,Germany,2015,unemployment_rate,4.4
DE,Germany,2016,unemployment_rate,3.9
DE,Germany,2017,unemployment_rate,3.5
DE,Germany,2018,unemployment_rate,3.2
DE,Germany,2019,unemployment_rate,2.9
DE,Germany,2020,unemployment_rate,3.6
DE,Germany,2021,unemployment_rate,3.6
DE,Germany,2022,unemployment_rate,3.1
DE,Germany,2023,unemployment_rate,3.1
DE,Germany,2024,unemployment_rate,3.4
EE,Estonia,2014,unemployment_rate,7.3
EE,Estonia,2015,unemployment_rate,6.4
EE,Estonia,2016,unemployment_rate,6.8
EE,Estonia,2017,unemployment_rate,5.8
EE,Estonia,2018,unemployment_rate,5.4
EE,Estonia,2019,unemployment_rate,4.5
EE,Estonia,2020,unemployment_rate,6.9
EE,Estonia,2021,unemployment_rate,6.2
EE,Estonia,2022,unemployment_rate,5.6
EE,Estonia,2023,unemployment_rate,6.4
EE,Estonia,2024,unemployment_rate,7.6
EL,Greece,2014,unemployment_rate,26.6
EL,Greece,2015,unemployment_rate,25.0
EL,Greece,2016,unemployment_rate,23.9
EL,Greece,2017,unemployment_rate,21.8
EL,Greece,2018,unemployment_rate,19.7
EL,Greece,2019,unemployment_rate,17.9
EL,Greece,2020,unemployment_rate,17.6
EL,Greece,2021,unemployment_rate,14.7
EL,Greece,2022,unemployment_rate,12.5
EL,Greece,2023,unemployment_rate,11.1
EL,Greece,2024,unemployment_rate,10.1
ES,Spain,2014,unemployment_rate,24.5
ES,Spain,2015,unemployment_rate,22.1
ES,Spain,2016,unemployment_rate,19.6
ES,Spain,2017,unemployment_rate,17.2
ES,Spain,2018,unemployment_rate,15.3
ES,Spain,2019,unemployment_rate,14.1
ES,Spain,2020,unemployment_rate,15.5
ES,Spain,2021,unemployment_rate,14.9
ES,Spain,2022,unemployment_rate,13.0
ES,Spain,2023,unemployment_rate,12.2
ES,Spain,2024,unemployment_rate,11.4
FI,Finland,2014,unemployment_rate,8.7
FI,Finland,2015,unemployment_rate,9.4
FI,Finland,2016,unemployment_rate,8.9
FI,Finland,2017,unemployment_rate,8.7
FI,Finland,2018,unemployment_rate,7.5
FI,Finland,2019,unemployment_rate,6.8
FI,Finland,2020,unemployment_rate,7.7
FI,Finland,2021,unemployment_rate,7.7
FI,Finland,2022,unemployment_rate,6.8
FI,Finland,2023,unemployment_rate,7.2
FI,Finland,2024,unemployment_rate,8.4
FR,France,2014,unemployment_rate,10.3
FR,France,2015,unemployment_rate,10.3
FR,France,2016,unemployment_rate,10.1
FR,France,2017,unemployment_rate,9.4
FR,France,2018,unemployment_rate,9.0
FR,France,2019,unemployment_rate,8.4
FR,France,2020,unemployment_rate,8.0
FR,France,2021,unemployment_rate,7.9
FR,France,2022,unemployment_rate,7.3
FR,France,2023,unemployment_rate,7.3
FR,France,2024,unemployment_rate,7.4
HR,Croatia,2014,unemployment_rate,17.3
HR,Croatia,2015,unemployment_rate,16.2
HR,Croatia,2016,unemployment_rate,13.0
HR,Croatia,2017,unemployment_rate,11.1
HR,Croatia,2018,unemployment_rate,8.3
HR,Croatia,2019,unemployment_rate,6.6
HR,Croatia,2020,unemployment_rate,7.4
HR,Croatia,2021,unemployment_rate,7.5
HR,Croatia,2022,unemployment_rate,6.8
HR,Croatia,2023,unemployment_rate,6.1
HR,Croatia,2024,unemployment_rate,5.0
IE,Ireland,2014,unemployment_rate,11.9
IE,Ireland,2015,unemployment_rate,9.9
IE,Ireland,2016,unemployment_rate,8.4
IE,Ireland,2017,unemployment_rate,6.7
IE,Ireland,2018,unemployment_rate,5.8
IE,Ireland,2019,unemployment_rate,5.0
IE,Ireland,2020,unemployment_rate,5.9
IE,Ireland,2021,unemployment_rate,6.2
IE,Ireland,2022,unemployment_rate,4.5
IE,Ireland,2023,unemployment_rate,4.3
IE,Ireland,2024,unemployment_rate,4.3
IT,Italy,2014,unemployment_rate,12.9
IT,Italy,2015,unemployment_rate,12.0
IT,Italy,2016,unemployment_rate,11.7
IT,Italy,2017,unemployment_rate,11.3
IT,Italy,2018,unemployment_rate,10.6
IT,Italy,2019,unemployment_rate,9.9
IT,Italy,2020,unemployment_rate,9.3
IT,Italy,2021,unemployment_rate,9.5
IT,Italy,2022,unemployment_rate,8.1
IT,Italy,2023,unemployment_rate,7.7
IT,Italy,2024,unemployment_rate,6.5
LT,Lithuania,2014,unemployment_rate,10.7
LT,Lithuania,2015,unemployment_rate,9.1
LT,Lithuania,2016,unemployment_rate,7.9
LT,Lithuania,2017,unemployment_rate,7.1
LT,Lithuania,2018,unemployment_rate,6.2
LT,Lithuania,2019,unemployment_rate,6.3
LT,Lithuania,2020,unemployment_rate,8.5
LT,Lithuania,2021,unemployment_rate,7.1
LT,Lithuania,2022,unemployment_rate,6.0
LT,Lithuania,2023,unemployment_rate,6.9
LT,Lithuania,2024,unemployment_rate,7.1
LU,Luxembourg,2014,unemployment_rate,5.9
LU,Luxembourg,2015,unemployment_rate,6.7
LU,Luxembourg,2016,unemployment_rate,6.3
LU,Luxembourg,2017,unemployment_rate,5.5
LU,Luxembourg,2018,unemployment_rate,5.6
LU,Luxembourg,2019,unemployment_rate,5.6
LU,Luxembourg,2020,unemployment_rate,6.8
LU,Luxembourg,2021,unemployment_rate,5.3
LU,Luxembourg,2022,unemployment_rate,4.6
LU,Luxembourg,2023,unemployment_rate,5.2
LU,Luxembourg,2024,unemployment_rate,6.4
LV,Latvia,2014,unemployment_rate,10.9
LV,Latvia,2015,unemployment_rate,9.9
LV,Latvia,2016,unemployment_rate,9.7
LV,Latvia,2017,unemployment_rate,8.7
LV,Latvia,2018,unemployment_rate,7.4
LV,Latvia,2019,unemployment_rate,6.3
LV,Latvia,2020,unemployment_rate,8.1
LV,Latvia,2021,unemployment_rate,7.6
LV,Latvia,2022,unemployment_rate,6.9
LV,Latvia,2023,unemployment_rate,6.5
LV,Latvia,2024,unemployment_rate,6.9
MT,Malta,2014,unemployment_rate,5.7
MT,Malta,2015,unemployment_rate,5.4
MT,Malta,2016,unemployment_rate,4.7
MT,Malta,2017,unemployment_rate,4.0
MT,Malta,2018,unemployment_rate,4.0
MT,Malta,2019,unemployment_rate,4.1
MT,Malta,2020,unemployment_rate,4.9
MT,Malta,2021,unemployment_rate,3.8
MT,Malta,2022,unemployment_rate,3.5
MT,Malta,2023,unemployment_rate,3.5
MT,Malta,2024,unemployment_rate,3.2
NL,Netherlands,2014,unemployment_rate,8.4
NL,Netherlands,2015,unemployment_rate,7.9
NL,Netherlands,2016,unemployment_rate,7.0
NL,Netherlands,2017,unemployment_rate,5.9
NL,Netherlands,2018,unemployment_rate,4.9
NL,Netherlands,2019,unemployment_rate,4.4
NL,Netherlands,2020,unemployment_rate,4.9
NL,Netherlands,2021,unemployment_rate,4.2
NL,Netherlands,2022,unemployment_rate,3.5
NL,Netherlands,2023,unemployment_rate,3.6
NL,Netherlands,2024,unemployment_rate,3.7
PT,Portugal,2014,unemployment_rate,14.6
PT,Portugal,2015,unemployment_rate,13.0
PT,Portugal,2016,unemployment_rate,11.5
PT,Portugal,2017,unemployment_rate,9.2
PT,Portugal,2018,unemployment_rate,7.2
PT,Portugal,2019,unemployment_rate,6.6
PT,Portugal,2020,unemployment_rate,7.1
PT,Portugal,2021,unemployment_rate,6.7
PT,Portugal,2022,unemployment_rate,6.2
PT,Portugal,2023,unemployment_rate,6.5
PT,Portugal,2024,unemployment_rate,6.5
SI,Slovenia,2014,unemployment_rate,9.7
SI,Slovenia,2015,unemployment_rate,9.0
SI,Slovenia,2016,unemployment_rate,8.0
SI,Slovenia,2017,unemployment_rate,6.6
SI,Slovenia,2018,unemployment_rate,5.1
SI,Slovenia,2019,unemployment_rate,4.4
SI,Slovenia,2020,unemployment_rate,5.0
SI,Slovenia,2021,unemployment_rate,4.8
SI,Slovenia,2022,unemployment_rate,4.0
SI,Slovenia,2023,unemployment_rate,3.7
SI,Slovenia,2024,unemployment_rate,3.7
SK,Slovakia,2014,unemployment_rate,13.1
SK,Slovakia,2015,unemployment_rate,11.5
SK,Slovakia,2016,unemployment_rate,9.6
SK,Slovakia,2017,unemployment_rate,8.1
SK,Slovakia,2018,unemployment_rate,6.5
SK,Slovakia,2019,unemployment_rate,5.7
SK,Slovakia,2020,unemployment_rate,6.7
SK,Slovakia,2021,unemployment_rate,6.8
SK,Slovakia,2022,unemployment_rate,6.1
SK,Slovakia,2023,unemployment_rate,5.8
SK,Slovakia,2024,unemployment_rate,5.3
AT,Austria,2014,early_leavers,7.0
AT,Austria,2015,early_leavers,7.3
AT,Austria,2016,early_leavers,6.9
AT,Austria,2017,early_leavers,7.4
AT,Austria,2018,early_leavers,7.3
AT,Austria,2019,early_leavers,7.8
AT,Austria,2020,early_leavers,8.1
AT,Austria,2021,early_leavers,8.0
AT,Austria,2022,early_leavers,8.4
AT,Austria,2023,early_leavers,8.6
AT,Austria,2024,early_leavers,8.1
BE,Belgium,2014,early_leavers,9.8
BE,Belgium,2015,early_leavers,10.1
BE,Belgium,2016,early_leavers,8.8
BE,Belgium,2017,early_leavers,8.9
BE,Belgium,2018,early_leavers,8.6
BE,Belgium,2019,early_leavers,8.4
BE,Belgium,2020,early_leavers,8.1
BE,Belgium,2021,early_leavers,6.7
BE,Belgium,2022,early_leavers,6.4
BE,Belgium,2023,early_leavers,6.2
BE,Belgium,2024,early_leavers,7.0
CY,Cyprus,2014,early_leavers,6.8
CY,Cyprus,2015,early_leavers,5.2
CY,Cyprus,2016,early_leavers,7.6
CY,Cyprus,2017,early_leavers,8.5
CY,Cyprus,2018,early_leavers,7.8
CY,Cyprus,2019,early_leavers,9.0
CY,Cyprus,2020,early_leavers,11.6
CY,Cyprus,2021,early_leavers,9.8
CY,Cyprus,2022,early_leavers,8.2
CY,Cyprus,2023,early_leavers,10.4
CY,Cyprus,2024,early_leavers,11.3
DE,Germany,2014,early_leavers,9.5
DE,Germany,2015,early_leavers,10.1
DE,Germany,2016,early_leavers,10.3
DE,Germany,2017,early_leavers,10.1
DE,Germany,2018,early_leavers,10.3
DE,Germany,2019,early_leavers,10.3
DE,Germany,2020,early_leavers,10.1
DE,Germany,2021,early_leavers,12.3
DE,Germany,2022,early_leavers,12.5
DE,Germany,2023,early_leavers,13.0
DE,Germany,2024,early_leavers,12.9
EE,Estonia,2014,early_leavers,12.0
EE,Estonia,2015,early_leavers,13.7
EE,Estonia,2016,early_leavers,11.4
EE,Estonia,2017,early_leavers,11.8
EE,Estonia,2018,early_leavers,12.0
EE,Estonia,2019,early_leavers,11.2
EE,Estonia,2020,early_leavers,8.5
EE,Estonia,2021,early_leavers,9.8
EE,Estonia,2022,early_leavers,10.8
EE,Estonia,2023,early_leavers,9.7
EE,Estonia,2024,early_leavers,11.0
EL,Greece,2014,early_leavers,9.0
EL,Greece,2015,early_leavers,7.9
EL,Greece,2016,early_leavers,6.2
EL,Greece,2017,early_leavers,6.0
EL,Greece,2018,early_leavers,4.7
EL,Greece,2019,early_leavers,4.1
EL,Greece,2020,early_leavers,3.8
EL,Greece,2021,early_leavers,3.2
EL,Greece,2022,early_leavers,4.1
EL,Greece,2023,early_leavers,3.7
EL,Greece,2024,early_leavers,3.0
ES,Spain,2014,early_leavers,21.9
ES,Spain,2015,early_leavers,20.0
ES,Spain,2016,early_leavers,19.0
ES,Spain,2017,early_leavers,18.3
ES,Spain,2018,early_leavers,17.9
ES,Spain,2019,early_leavers,17.3
ES,Spain,2020,early_leavers,16.0
ES,Spain,2021,early_leavers,13.3
ES,Spain,2022,early_leavers,13.9
ES,Spain,2023,early_leavers,13.7
ES,Spain,2024,early_leavers,13.0
FI,Finland,2014,early_leavers,9.5
FI,Finland,2015,early_leavers,9.2
FI,Finland,2016,early_leavers,7.9
FI,Finland,2017,early_leavers,8.2
FI,Finland,2018,early_leavers,8.3
FI,Finland,2019,early_leavers,7.3
FI,Finland,2020,early_leavers,8.2
FI,Finland,2021,early_leavers,8.2
FI,Finland,2022,early_leavers,8.4
FI,Finland,2023,early_leavers,9.6
FI,Finland,2024,early_leavers,9.6
FR,France,2014,early_leavers,8.8
FR,France,2015,early_leavers,9.2
FR,France,2016,early_leavers,8.8
FR,France,2017,early_leavers,8.8
FR,France,2018,early_leavers,8.7
FR,France,2019,early_leavers,8.2
FR,France,2020,early_leavers,8.0
FR,France,2021,early_leavers,7.8
FR,France,2022,early_leavers,7.6
FR,France,2023,early_leavers,7.6
FR,France,2024,early_leavers,7.7
HR,Croatia,2014,early_leavers,2.8
HR,Croatia,2015,early_leavers,2.7
HR,Croatia,2016,early_leavers,2.8
HR,Croatia,2017,early_leavers,2.9
HR,Croatia,2018,early_leavers,3.1
HR,Croatia,2019,early_leavers,3.0
HR,Croatia,2020,early_leavers,2.2
HR,Croatia,2021,early_leavers,2.4
HR,Croatia,2022,early_leavers,2.1
HR,Croatia,2023,early_leavers,2.0
HR,Croatia,2024,early_leavers,2.0
IE,Ireland,2014,early_leavers,6.7
IE,Ireland,2015,early_leavers,6.8
IE,Ireland,2016,early_leavers,6.0
IE,Ireland,2017,early_leavers,5.0
IE,Ireland,2018,early_leavers,5.0
IE,Ireland,2019,early_leavers,5.1
IE,Ireland,2020,early_leavers,5.0
IE,Ireland,2021,early_leavers,3.3
IE,Ireland,2022,early_leavers,3.7
IE,Ireland,2023,early_leavers,4.0
IE,Ireland,2024,early_leavers,2.8
IT,Italy,2014,early_leavers,15.0
IT,Italy,2015,early_leavers,14.7
IT,Italy,2016,early_leavers,13.8
IT,Italy,2017,early_leavers,14.0
IT,Italy,2018,early_leavers,14.3
IT,Italy,2019,early_leavers,13.3
IT,Italy,2020,early_leavers,14.2
IT,Italy,2021,early_leavers,12.7
IT,Italy,2022,early_leavers,11.5
IT,Italy,2023,early_leavers,10.5
IT,Italy,2024,early_leavers,9.8
LT,Lithuania,2014,early_leavers,5.9
LT,Lithuania,2015,early_leavers,5.5
LT,Lithuania,2016,early_leavers,4.8
LT,Lithuania,2017,early_leavers,5.4
LT,Lithuania,2018,early_leavers,4.6
LT,Lithuania,2019,early_leavers,4.0
LT,Lithuania,2020,early_leavers,5.6
LT,Lithuania,2021,early_leavers,5.3
LT,Lithuania,2022,early_leavers,4.8
LT,Lithuania,2023,early_leavers,6.4
LT,Lithuania,2024,early_leavers,8.4
LU,Luxembourg,2014,early_leavers,6.1
LU,Luxembourg,2015,early_leavers,9.3
LU,Luxembourg,2016,early_leavers,5.5
LU,Luxembourg,2017,early_leavers,7.3
LU,Luxembourg,2018,early_leavers,6.3
LU,Luxembourg,2019,early_leavers,7.2
LU,Luxembourg,2020,early_leavers,8.2
LU,Luxembourg,2021,early_leavers,9.3
LU,Luxembourg,2022,early_leavers,8.2
LU,Luxembourg,2023,early_leavers,6.8
LU,Luxembourg,2024,early_leavers,7.8
LV,Latvia,2014,early_leavers,8.5
LV,Latvia,2015,early_leavers,9.9
LV,Latvia,2016,early_leavers,10.0
LV,Latvia,2017,early_leavers,8.6
LV,Latvia,2018,early_leavers,8.3
LV,Latvia,2019,early_leavers,8.7
LV,Latvia,2020,early_leavers,7.2
LV,Latvia,2021,early_leavers,7.3
LV,Latvia,2022,early_leavers,6.7
LV,Latvia,2023,early_leavers,7.7
LV,Latvia,2024,early_leavers,7.9
MT,Malta,2014,early_leavers,17.0
MT,Malta,2015,early_leavers,16.3
MT,Malta,2016,early_leavers,15.6
MT,Malta,2017,early_leavers,14.0
MT,Malta,2018,early_leavers,14.0
MT,Malta,2019,early_leavers,14.2
MT,Malta,2020,early_leavers,13.0
MT,Malta,2021,early_leavers,10.9
MT,Malta,2022,early_leavers,10.3
MT,Malta,2023,early_leavers,10.2
MT,Malta,2024,early_leavers,9.5
NL,Netherlands,2014,early_leavers,8.7
NL,Netherlands,2015,early_leavers,8.2
NL,Netherlands,2016,early_leavers,8.0
NL,Netherlands,2017,early_leavers,7.1
NL,Netherlands,2018,early_leavers,7.3
NL,Netherlands,2019,early_leavers,7.5
NL,Netherlands,2020,early_leavers,7.0
NL,Netherlands,2021,early_leavers,5.1
NL,Netherlands,2022,early_leavers,5.6
NL,Netherlands,2023,early_leavers,6.2
NL,Netherlands,2024,early_leavers,7.0
PT,Portugal,2014,early_leavers,17.3
PT,Portugal,2015,early_leavers,13.5
PT,Portugal,2016,early_leavers,13.9
PT,Portugal,2017,early_leavers,12.6
PT,Portugal,2018,early_leavers,11.6
PT,Portugal,2019,early_leavers,10.5
PT,Portugal,2020,early_leavers,9.1
PT,Portugal,2021,early_leavers,6.4
PT,Portugal,2022,early_leavers,6.3
PT,Portugal,2023,early_leavers,8.1
PT,Portugal,2024,early_leavers,6.6
SI,Slovenia,2014,early_leavers,4.4
SI,Slovenia,2015,early_leavers,5.0
SI,Slovenia,2016,early_leavers,4.9
SI,Slovenia,2017,early_leavers,4.3
SI,Slovenia,2018,early_leavers,4.2
SI,Slovenia,2019,early_leavers,4.6
SI,Slovenia,2020,early_leavers,4.1
SI,Slovenia,2021,early_leavers,3.1
SI,Slovenia,2022,early_leavers,4.0
SI,Slovenia,2023,early_leavers,5.4
SI,Slovenia,2024,early_leavers,5.0
SK,Slovakia,2014,early_leavers,6.7
SK,Slovakia,2015,early_leavers,6.9
SK,Slovakia,2016,early_leavers,7.4
SK,Slovakia,2017,early_leavers,9.3
SK,Slovakia,2018,early_leavers,8.6
SK,Slovakia,2019,early_leavers,8.3
SK,Slovakia,2020,early_leavers,7.6
SK,Slovakia,2021,early_leavers,7.8
SK,Slovakia,2022,early_leavers,7.4
SK,Slovakia,2023,early_leavers,6.4
SK,Slovakia,2024,early_leavers,7.5
AT,Austria,2014,healthy_life_years,57.7
AT,Austria,2015,healthy_life_years,58.0
AT,Austria,2016,healthy_life_years,57.0
AT,Austria,2017,healthy_life_years,57.1
AT,Austria,2018,healthy_life_years,56.9
AT,Austria,2019,healthy_life_years,57.3
AT,Austria,2020,healthy_life_years,58.7
AT,Austria,2021,healthy_life_years,61.8
AT,Austria,2022,healthy_life_years,60.9
AT,Austria,2023,healthy_life_years,60.4
AT,Austria,2024,healthy_life_years,60.4
BE,Belgium,2014,healthy_life_years,64.1
BE,Belgium,2015,healthy_life_years,64.2
BE,Belgium,2016,healthy_life_years,63.7
BE,Belgium,2017,healthy_life_years,63.7
BE,Belgium,2018,healthy_life_years,63.4
BE,Belgium,2019,healthy_life_years,62.4
BE,Belgium,2020,healthy_life_years,63.8
BE,Belgium,2021,healthy_life_years,64.6
BE,Belgium,2022,healthy_life_years,63.7
BE,Belgium,2023,healthy_life_years,64.0
BE,Belgium,2024,healthy_life_years,64.0
CY,Cyprus,2014,healthy_life_years,66.0
CY,Cyprus,2015,healthy_life_years,63.3
CY,Cyprus,2016,healthy_life_years,68.2
CY,Cyprus,2017,healthy_life_years,65.2
CY,Cyprus,2018,healthy_life_years,62.2
CY,Cyprus,2019,healthy_life_years,62.5
CY,Cyprus,2020,healthy_life_years,62.9
CY,Cyprus,2021,healthy_life_years,65.7
CY,Cyprus,2022,healthy_life_years,66.0
CY,Cyprus,2023,healthy_life_years,65.0
CY,Cyprus,2024,healthy_life_years,65.0
DE,Germany,2014,healthy_life_years,56.5
DE,Germany,2015,healthy_life_years,66.4
DE,Germany,2016,healthy_life_years,66.4
DE,Germany,2017,healthy_life_years,66.0
DE,Germany,2018,healthy_life_years,65.8
DE,Germany,2019,healthy_life_years,66.3
DE,Germany,2020,healthy_life_years,65.7
DE,Germany,2021,healthy_life_years,65.6
DE,Germany,2022,healthy_life_years,61.1
DE,Germany,2023,healthy_life_years,62.5
DE,Germany,2024,healthy_life_years,62.5
EE,Estonia,2014,healthy_life_years,55.2
EE,Estonia,2015,healthy_life_years,55.0
EE,Estonia,2016,healthy_life_years,56.8
EE,Estonia,2017,healthy_life_years,56.0
EE,Estonia,2018,healthy_life_years,53.9
EE,Estonia,2019,healthy_life_years,55.8
EE,Estonia,2020,healthy_life_years,57.6
EE,Estonia,2021,healthy_life_years,56.5
EE,Estonia,2022,healthy_life_years,59.3
EE,Estonia,2023,healthy_life_years,58.1
EE,Estonia,2024,healthy_life_years,58.1
EL,Greece,2014,healthy_life_years,64.5
EL,Greece,2015,healthy_life_years,64.0
EL,Greece,2016,healthy_life_years,64.3
EL,Greece,2017,healthy_life_years,64.8
EL,Greece,2018,healthy_life_years,65.4
EL,Greece,2019,healthy_life_years,66.0
EL,Greece,2020,healthy_life_years,65.9
EL,Greece,2021,healthy_life_years,65.6
EL,Greece,2022,healthy_life_years,67.0
EL,Greece,2023,healthy_life_years,66.6
EL,Greece,2024,healthy_life_years,66.6
ES,Spain,2014,healthy_life_years,65.0
ES,Spain,2015,healthy_life_years,64.0
ES,Spain,2016,healthy_life_years,66.2
ES,Spain,2017,healthy_life_years,69.4
ES,Spain,2018,healthy_life_years,68.0
ES,Spain,2019,healthy_life_years,69.9
ES,Spain,2020,healthy_life_years,66.3
ES,Spain,2021,healthy_life_years,62.8
ES,Spain,2022,healthy_life_years,61.2
ES,Spain,2023,healthy_life_years,62.1
ES,Spain,2024,healthy_life_years,62.1
FI,Finland,2014,healthy_life_years,58.2
FI,Finland,2015,healthy_life_years,57.8
FI,Finland,2016,healthy_life_years,58.1
FI,Finland,2017,healthy_life_years,57.4
FI,Finland,2018,healthy_life_years,57.4
FI,Finland,2019,healthy_life_years,56.4
FI,Finland,2020,healthy_life_years,56.9
FI,Finland,2021,healthy_life_years,61.7
FI,Finland,2022,healthy_life_years,57.9
FI,Finland,2023,healthy_life_years,57.1
FI,Finland,2024,healthy_life_years,57.1
FR,France,2014,healthy_life_years,63.8
FR,France,2015,healthy_life_years,63.6
FR,France,2016,healthy_life_years,63.4
FR,France,2017,healthy_life_years,63.7
FR,France,2018,healthy_life_years,63.9
FR,France,2019,healthy_life_years,64.1
FR,France,2020,healthy_life_years,64.6
FR,France,2021,healthy_life_years,66.2
FR,France,2022,healthy_life_years,64.4
FR,France,2023,healthy_life_years,63.8
FR,France,2024,healthy_life_years,63.8
HR,Croatia,2014,healthy_life_years,59.3
HR,Croatia,2015,healthy_life_years,56.1
HR,Croatia,2016,healthy_life_years,57.9
HR,Croatia,2017,healthy_life_years,57.6
HR,Croatia,2018,healthy_life_years,57.5
HR,Croatia,2019,healthy_life_years,57.4
HR,Croatia,2020,healthy_life_years,58.5
HR,Croatia,2021,healthy_life_years,58.6
HR,Croatia,2022,healthy_life_years,60.3
HR,Croatia,2023,healthy_life_years,61.4
HR,Croatia,2024,healthy_life_years,61.4
IE,Ireland,2014,healthy_life_years,66.9
IE,Ireland,2015,healthy_life_years,67.2
IE,Ireland,2016,healthy_life_years,68.5
IE,Ireland,2017,healthy_life_years,68.6
IE,Ireland,2018,healthy_life_years,69.4
IE,Ireland,2019,healthy_life_years,69.6
IE,Ireland,2020,healthy_life_years,66.2
IE,Ireland,2021,healthy_life_years,67.2
IE,Ireland,2022,healthy_life_years,66.0
IE,Ireland,2023,healthy_life_years,66.1
IE,Ireland,2024,healthy_life_years,66.1
IT,Italy,2014,healthy_life_years,62.4
IT,Italy,2015,healthy_life_years,62.6
IT,Italy,2016,healthy_life_years,67.4
IT,Italy,2017,healthy_life_years,66.3
IT,Italy,2018,healthy_life_years,66.8
IT,Italy,2019,healthy_life_years,68.3
IT,Italy,2020,healthy_life_years,68.0
IT,Italy,2021,healthy_life_years,68.1
IT,Italy,2022,healthy_life_years,67.4
IT,Italy,2023,healthy_life_years,69.1
IT,Italy,2024,healthy_life_years,69.1
LT,Lithuania,2014,healthy_life_years,59.7
LT,Lithuania,2015,healthy_life_years,56.5
LT,Lithuania,2016,healthy_life_years,57.8
LT,Lithuania,2017,healthy_life_years,58.1
LT,Lithuania,2018,healthy_life_years,57.7
LT,Lithuania,2019,healthy_life_years,57.5
LT,Lithuania,2020,healthy_life_years,56.8
LT,Lithuania,2021,healthy_life_years,57.6
LT,Lithuania,2022,healthy_life_years,60.3
LT,Lithuania,2023,healthy_life_years,60.9
LT,Lithuania,2024,healthy_life_years,60.9
LU,Luxembourg,2014,healthy_life_years,63.8
LU,Luxembourg,2015,healthy_life_years,62.2
LU,Luxembourg,2016,healthy_life_years,60.2
LU,Luxembourg,2017,healthy_life_years,59.2
LU,Luxembourg,2018,healthy_life_years,60.7
LU,Luxembourg,2019,healthy_life_years,62.6
LU,Luxembourg,2020,healthy_life_years,63.3
LU,Luxembourg,2021,healthy_life_years,62.0
LU,Luxembourg,2022,healthy_life_years,60.2
LU,Luxembourg,2023,healthy_life_years,60.2
LU,Luxembourg,2024,healthy_life_years,60.2
LV,Latvia,2014,healthy_life_years,53.4
LV,Latvia,2015,healthy_life_years,53.0
LV,Latvia,2016,healthy_life_years,53.6
LV,Latvia,2017,healthy_life_years,51.4
LV,Latvia,2018,healthy_life_years,52.3
LV,Latvia,2019,healthy_life_years,53.1
LV,Latvia,2020,healthy_life_years,53.4
LV,Latvia,2021,healthy_life_years,53.8
LV,Latvia,2022,healthy_life_years,54.2
LV,Latvia,2023,healthy_life_years,52.7
LV,Latvia,2024,healthy_life_years,52.7
MT,Malta,2014,healthy_life_years,73.4
MT,Malta,2015,healthy_life_years,73.6
MT,Malta,2016,healthy_life_years,71.7
MT,Malta,2017,healthy_life_years,72.7
MT,Malta,2018,healthy_life_years,72.7
MT,Malta,2019,healthy_life_years,73.2
MT,Malta,2020,healthy_life_years,70.5
MT,Malta,2021,healthy_life_years,68.7
MT,Malta,2022,healthy_life_years,70.2
MT,Malta,2023,healthy_life_years,71.4
MT,Malta,2024,healthy_life_years,71.4
NL,Netherlands,2014,healthy_life_years,61.2
NL,Netherlands,2015,healthy_life_years,59.1
NL,Netherlands,2016,healthy_life_years,60.3
NL,Netherlands,2017,healthy_life_years,60.0
NL,Netherlands,2018,healthy_life_years,59.2
NL,Netherlands,2019,healthy_life_years,61.0
NL,Netherlands,2020,healthy_life_years,61.1
NL,Netherlands,2021,healthy_life_years,60.3
NL,Netherlands,2022,healthy_life_years,58.5
NL,Netherlands,2023,healthy_life_years,59.0
NL,Netherlands,2024,healthy_life_years,59.0
PT,Portugal,2014,healthy_life_years,56.9
PT,Portugal,2015,healthy_life_years,56.5
PT,Portugal,2016,healthy_life_years,58.6
PT,Portugal,2017,healthy_life_years,58.5
PT,Portugal,2018,healthy_life_years,58.6
PT,Portugal,2019,healthy_life_years,59.2
PT,Portugal,2020,healthy_life_years,59.7
PT,Portugal,2021,healthy_life_years,58.3
PT,Portugal,2022,healthy_life_years,59.1
PT,Portugal,2023,healthy_life_years,59.6
PT,Portugal,2024,healthy_life_years,59.6
SI,Slovenia,2014,healthy_life_years,58.7
SI,Slovenia,2015,healthy_life_years,58.1
SI,Slovenia,2016,healthy_life_years,58.3
SI,Slovenia,2017,healthy_life_years,55.0
SI,Slovenia,2018,healthy_life_years,55.5
SI,Slovenia,2019,healthy_life_years,60.9
SI,Slovenia,2020,healthy_life_years,65.1
SI,Slovenia,2021,healthy_life_years,65.4
SI,Slovenia,2022,healthy_life_years,66.7
SI,Slovenia,2023,healthy_life_years,66.6
SI,Slovenia,2024,healthy_life_years,66.6
SK,Slovakia,2014,healthy_life_years,55.1
SK,Slovakia,2015,healthy_life_years,54.9
SK,Slovakia,2016,healthy_life_years,56.7
SK,Slovakia,2017,healthy_life_years,55.6
SK,Slovakia,2018,healthy_life_years,56.1
SK,Slovakia,2019,healthy_life_years,56.2
SK,Slovakia,2020,healthy_life_years,56.7
SK,Slovakia,2021,healthy_life_years,56.8
SK,Slovakia,2022,healthy_life_years,57.3
SK,Slovakia,2023,healthy_life_years,57.5
SK,Slovakia,2024,healthy_life_years,57.5
AT,Austria,2014,gdp_capita_real,43070.0
AT,Austria,2015,gdp_capita_real,43200.0
AT,Austria,2016,gdp_capita_real,43550.0
AT,Austria,2017,gdp_capita_real,44260.0
AT,Austria,2018,gdp_capita_real,45140.0
AT,Austria,2019,gdp_capita_real,45730.0
AT,Austria,2020,gdp_capita_real,42650.0
AT,Austria,2021,gdp_capita_real,44580.0
AT,Austria,2022,gdp_capita_real,46430.0
AT,Austria,2023,gdp_capita_real,45670.0
AT,Austria,2024,gdp_capita_real,45140.0
BE,Belgium,2014,gdp_capita_real,39960.0
BE,Belgium,2015,gdp_capita_real,40310.0
BE,Belgium,2016,gdp_capita_real,40590.0
BE,Belgium,2017,gdp_capita_real,41030.0
BE,Belgium,2018,gdp_capita_real,41610.0
BE,Belgium,2019,gdp_capita_real,42400.0
BE,Belgium,2020,gdp_capita_real,40190.0
BE,Belgium,2021,gdp_capita_real,42530.0
BE,Belgium,2022,gdp_capita_real,43860.0
BE,Belgium,2023,gdp_capita_real,44230.0
BE,Belgium,2024,gdp_capita_real,44440.0
CY,Cyprus,2014,gdp_capita_real,20490.0
CY,Cyprus,2015,gdp_capita_real,21140.0
CY,Cyprus,2016,gdp_capita_real,22410.0
CY,Cyprus,2017,gdp_capita_real,23500.0
CY,Cyprus,2018,gdp_capita_real,24690.0
CY,Cyprus,2019,gdp_capita_real,25790.0
CY,Cyprus,2020,gdp_capita_real,24630.0
CY,Cyprus,2021,gdp_capita_real,27030.0
CY,Cyprus,2022,gdp_capita_real,28730.0
CY,Cyprus,2023,gdp_capita_real,29200.0
CY,Cyprus,2024,gdp_capita_real,29820.0
DE,Germany,2014,gdp_capita_real,40850.0
DE,Germany,2015,gdp_capita_real,41230.0
DE,Germany,2016,gdp_capita_real,41880.0
DE,Germany,2017,gdp_capita_real,42960.0
DE,Germany,2018,gdp_capita_real,43390.0
DE,Germany,2019,gdp_capita_real,43790.0
DE,Germany,2020,gdp_capita_real,42020.0
DE,Germany,2021,gdp_capita_real,43730.0
DE,Germany,2022,gdp_capita_real,44230.0
DE,Germany,2023,gdp_capita_real,43450.0
DE,Germany,2024,gdp_capita_real,43110.0
EE,Estonia,2014,gdp_capita_real,18280.0
EE,Estonia,2015,gdp_capita_real,18650.0
EE,Estonia,2016,gdp_capita_real,19190.0
EE,Estonia,2017,gdp_capita_real,20270.0
EE,Estonia,2018,gdp_capita_real,20970.0
EE,Estonia,2019,gdp_capita_real,21650.0
EE,Estonia,2020,gdp_capita_real,20960.0
EE,Estonia,2021,gdp_capita_real,22670.0
EE,Estonia,2022,gdp_capita_real,22370.0
EE,Estonia,2023,gdp_capita_real,21210.0
EE,Estonia,2024,gdp_capita_real,21060.0
EL,Greece,2014,gdp_capita_real,16030.0
EL,Greece,2015,gdp_capita_real,16100.0
EL,Greece,2016,gdp_capita_real,16160.0
EL,Greece,2017,gdp_capita_real,16430.0
EL,Greece,2018,gdp_capita_real,16810.0
EL,Greece,2019,gdp_capita_real,17210.0
EL,Greece,2020,gdp_capita_real,15660.0
EL,Greece,2021,gdp_capita_real,17110.0
EL,Greece,2022,gdp_capita_real,18160.0
EL,Greece,2023,gdp_capita_real,18600.0
EL,Greece,2024,gdp_capita_real,19020.0
ES,Spain,2014,gdp_capita_real,23730.0
ES,Spain,2015,gdp_capita_real,24720.0
ES,Spain,2016,gdp_capita_real,25420.0
ES,Spain,2017,gdp_capita_real,26110.0
ES,Spain,2018,gdp_capita_real,26620.0
ES,Spain,2019,gdp_capita_real,26930.0
ES,Spain,2020,gdp_capita_real,23850.0
ES,Spain,2021,gdp_capita_real,25440.0
ES,Spain,2022,gdp_capita_real,26820.0
ES,Spain,2023,gdp_capita_real,27150.0
ES,Spain,2024,gdp_capita_real,27800.0
FI,Finland,2014,gdp_capita_real,40650.0
FI,Finland,2015,gdp_capita_real,40700.0
FI,Finland,2016,gdp_capita_real,41640.0
FI,Finland,2017,gdp_capita_real,42910.0
FI,Finland,2018,gdp_capita_real,43360.0
FI,Finland,2019,gdp_capita_real,43910.0
FI,Finland,2020,gdp_capita_real,42740.0
FI,Finland,2021,gdp_capita_real,43800.0
FI,Finland,2022,gdp_capita_real,44010.0
FI,Finland,2023,gdp_capita_real,43280.0
FI,Finland,2024,gdp_capita_real,43110.0
FR,France,2014,gdp_capita_real,35150.0
FR,France,2015,gdp_capita_real,35370.0
FR,France,2016,gdp_capita_real,35540.0
FR,France,2017,gdp_capita_real,36140.0
FR,France,2018,gdp_capita_real,36570.0
FR,France,2019,gdp_capita_real,37160.0
FR,France,2020,gdp_capita_real,34280.0
FR,France,2021,gdp_capita_real,36470.0
FR,France,2022,gdp_capita_real,37320.0
FR,France,2023,gdp_capita_real,37760.0
FR,France,2024,gdp_capita_real,38110.0
HR,Croatia,2014,gdp_capita_real,11370.0
HR,Croatia,2015,gdp_capita_real,11760.0
HR,Croatia,2016,gdp_capita_real,12320.0
HR,Croatia,2017,gdp_capita_real,12910.0
HR,Croatia,2018,gdp_capita_real,13460.0
HR,Croatia,2019,gdp_capita_real,14020.0
HR,Croatia,2020,gdp_capita_real,12980.0
HR,Croatia,2021,gdp_capita_real,14750.0
HR,Croatia,2022,gdp_capita_real,15900.0
HR,Croatia,2023,gdp_capita_real,16490.0
HR,Croatia,2024,gdp_capita_real,17060.0
IE,Ireland,2014,gdp_capita_real,48770.0
IE,Ireland,2015,gdp_capita_real,60210.0
IE,Ireland,2016,gdp_capita_real,60220.0
IE,Ireland,2017,gdp_capita_real,65370.0
IE,Ireland,2018,gdp_capita_real,69390.0
IE,Ireland,2019,gdp_capita_real,71720.0
IE,Ireland,2020,gdp_capita_real,75820.0
IE,Ireland,2021,gdp_capita_real,87160.0
IE,Ireland,2022,gdp_capita_real,91760.0
IE,Ireland,2023,gdp_capita_real,87810.0
IE,Ireland,2024,gdp_capita_real,88600.0
IT,Italy,2014,gdp_capita_real,28910.0
IT,Italy,2015,gdp_capita_real,29210.0
IT,Italy,2016,gdp_capita_real,29630.0
IT,Italy,2017,gdp_capita_real,30160.0
IT,Italy,2018,gdp_capita_real,30470.0
IT,Italy,2019,gdp_capita_real,30680.0
IT,Italy,2020,gdp_capita_real,28100.0
IT,Italy,2021,gdp_capita_real,30760.0
IT,Italy,2022,gdp_capita_real,32310.0
IT,Italy,2023,gdp_capita_real,32630.0
IT,Italy,2024,gdp_capita_real,32900.0
LT,Lithuania,2014,gdp_capita_real,14100.0
LT,Lithuania,2015,gdp_capita_real,14630.0
LT,Lithuania,2016,gdp_capita_real,15200.0
LT,Lithuania,2017,gdp_capita_real,16090.0
LT,Lithuania,2018,gdp_capita_real,17030.0
LT,Lithuania,2019,gdp_capita_real,17870.0
LT,Lithuania,2020,gdp_capita_real,17890.0
LT,Lithuania,2021,gdp_capita_real,19040.0
LT,Lithuania,2022,gdp_capita_real,19350.0
LT,Lithuania,2023,gdp_capita_real,19220.0
LT,Lithuania,2024,gdp_capita_real,19690.0
LU,Luxembourg,2014,gdp_capita_real,102250.0
LU,Luxembourg,2015,gdp_capita_real,102530.0
LU,Luxembourg,2016,gdp_capita_real,104920.0
LU,Luxembourg,2017,gdp_capita_real,104020.0
LU,Luxembourg,2018,gdp_capita_real,103640.0
LU,Luxembourg,2019,gdp_capita_real,104310.0
LU,Luxembourg,2020,gdp_capita_real,102190.0
LU,Luxembourg,2021,gdp_capita_real,107570.0
LU,Luxembourg,2022,gdp_capita_real,104100.0
LU,Luxembourg,2023,gdp_capita_real,102250.0
LU,Luxembourg,2024,gdp_capita_real,101000.0
LV,Latvia,2014,gdp_capita_real,13140.0
LV,Latvia,2015,gdp_capita_real,13750.0
LV,Latvia,2016,gdp_capita_real,14230.0
LV,Latvia,2017,gdp_capita_real,14850.0
LV,Latvia,2018,gdp_capita_real,15610.0
LV,Latvia,2019,gdp_capita_real,15820.0
LV,Latvia,2020,gdp_capita_real,15370.0
LV,Latvia,2021,gdp_capita_real,16580.0
LV,Latvia,2022,gdp_capita_real,16890.0
LV,Latvia,2023,gdp_capita_real,16770.0
LV,Latvia,2024,gdp_capita_real,16910.0
MT,Malta,2014,gdp_capita_real,23840.0
MT,Malta,2015,gdp_capita_real,25520.0
MT,Malta,2016,gdp_capita_real,25960.0
MT,Malta,2017,gdp_capita_real,28530.0
MT,Malta,2018,gdp_capita_real,29510.0
MT,Malta,2019,gdp_capita_real,29480.0
MT,Malta,2020,gdp_capita_real,27870.0
MT,Malta,2021,gdp_capita_real,31420.0
MT,Malta,2022,gdp_capita_real,31390.0
MT,Malta,2023,gdp_capita_real,33380.0
MT,Malta,2024,gdp_capita_real,34480.0
NL,Netherlands,2014,gdp_capita_real,44780.0
NL,Netherlands,2015,gdp_capita_real,45530.0
NL,Netherlands,2016,gdp_capita_real,46380.0
NL,Netherlands,2017,gdp_capita_real,47390.0
NL,Netherlands,2018,gdp_capita_real,48180.0
NL,Netherlands,2019,gdp_capita_real,48970.0
NL,Netherlands,2020,gdp_capita_real,46810.0
NL,Netherlands,2021,gdp_capita_real,49490.0
NL,Netherlands,2022,gdp_capita_real,51480.0
NL,Netherlands,2023,gdp_capita_real,50660.0
NL,Netherlands,2024,gdp_capita_real,50880.0
PT,Portugal,2014,gdp_capita_real,18560.0
PT,Portugal,2015,gdp_capita_real,18920.0
PT,Portugal,2016,gdp_capita_real,19350.0
PT,Portugal,2017,gdp_capita_real,20020.0
PT,Portugal,2018,gdp_capita_real,20620.0
PT,Portugal,2019,gdp_capita_real,21150.0
PT,Portugal,2020,gdp_capita_real,19360.0
PT,Portugal,2021,gdp_capita_real,20390.0
PT,Portugal,2022,gdp_capita_real,21690.0
PT,Portugal,2023,gdp_capita_real,22130.0
PT,Portugal,2024,gdp_capita_real,22370.0
SI,Slovenia,2014,gdp_capita_real,19720.0
SI,Slovenia,2015,gdp_capita_real,20170.0
SI,Slovenia,2016,gdp_capita_real,20770.0
SI,Slovenia,2017,gdp_capita_real,21830.0
SI,Slovenia,2018,gdp_capita_real,22720.0
SI,Slovenia,2019,gdp_capita_real,23330.0
SI,Slovenia,2020,gdp_capita_real,22230.0
SI,Slovenia,2021,gdp_capita_real,24040.0
SI,Slovenia,2022,gdp_capita_real,24660.0
SI,Slovenia,2023,gdp_capita_real,25120.0
SI,Slovenia,2024,gdp_capita_real,25480.0
SK,Slovakia,2014,gdp_capita_real,15220.0
SK,Slovakia,2015,gdp_capita_real,16000.0
SK,Slovakia,2016,gdp_capita_real,16280.0
SK,Slovakia,2017,gdp_capita_real,16730.0
SK,Slovakia,2018,gdp_capita_real,17380.0
SK,Slovakia,2019,gdp_capita_real,17760.0
SK,Slovakia,2020,gdp_capita_real,17270.0
SK,Slovakia,2021,gdp_capita_real,18320.0
SK,Slovakia,2022,gdp_capita_real,18360.0
SK,Slovakia,2023,gdp_capita_real,18750.0
SK,Slovakia,2024,gdp_capita_real,19110.0
AT,Austria,2014,inflation_rate,1.5
AT,Austria,2015,inflation_rate,0.8
AT,Austria,2016,inflation_rate,1.0
AT,Austria,2017,inflation_rate,2.2
AT,Austria,2018,inflation_rate,2.1
AT,Austria,2019,inflation_rate,1.5
AT,Austria,2020,inflation_rate,1.4
AT,Austria,2021,inflation_rate,2.8
AT,Austria,2022,inflation_rate,8.6
AT,Austria,2023,inflation_rate,7.7
AT,Austria,2024,inflation_rate,2.9
BE,Belgium,2014,inflation_rate,0.5
BE,Belgium,2015,inflation_rate,0.6
BE,Belgium,2016,inflation_rate,1.8
BE,Belgium,2017,inflation_rate,2.2
BE,Belgium,2018,inflation_rate,2.3
BE,Belgium,2019,inflation_rate,1.3
BE,Belgium,2020,inflation_rate,0.4
BE,Belgium,2021,inflation_rate,3.2
BE,Belgium,2022,inflation_rate,10.3
BE,Belgium,2023,inflation_rate,2.3
BE,Belgium,2024,inflation_rate,4.3
CY,Cyprus,2014,inflation_rate,-0.3
CY,Cyprus,2015,inflation_rate,-1.5
CY,Cyprus,2016,inflation_rate,-1.2
CY,Cyprus,2017,inflation_rate,0.7
CY,Cyprus,2018,inflation_rate,0.8
CY,Cyprus,2019,inflation_rate,0.5
CY,Cyprus,2020,inflation_rate,-1.1
CY,Cyprus,2021,inflation_rate,2.3
CY,Cyprus,2022,inflation_rate,8.1
CY,Cyprus,2023,inflation_rate,3.9
CY,Cyprus,2024,inflation_rate,2.3
DE,Germany,2014,inflation_rate,0.8
DE,Germany,2015,inflation_rate,0.7
DE,Germany,2016,inflation_rate,0.4
DE,Germany,2017,inflation_rate,1.7
DE,Germany,2018,inflation_rate,1.9
DE,Germany,2019,inflation_rate,1.4
DE,Germany,2020,inflation_rate,0.4
DE,Germany,2021,inflation_rate,3.2
DE,Germany,2022,inflation_rate,8.7
DE,Germany,2023,inflation_rate,6.0
DE,Germany,2024,inflation_rate,2.5
EE,Estonia,2014,inflation_rate,0.5
EE,Estonia,2015,inflation_rate,0.1
EE,Estonia,2016,inflation_rate,0.8
EE,Estonia,2017,inflation_rate,3.7
EE,Estonia,2018,inflation_rate,3.4
EE,Estonia,2019,inflation_rate,2.3
EE,Estonia,2020,inflation_rate,-0.6
EE,Estonia,2021,inflation_rate,4.5
EE,Estonia,2022,inflation_rate,19.4
EE,Estonia,2023,inflation_rate,9.1
EE,Estonia,2024,inflation_rate,3.7
EL,Greece,2014,inflation_rate,-1.4
EL,Greece,2015,inflation_rate,-1.1
EL,Greece,2016,inflation_rate,0.0
EL,Greece,2017,inflation_rate,1.1
EL,Greece,2018,inflation_rate,0.8
EL,Greece,2019,inflation_rate,0.5
EL,Greece,2020,inflation_rate,-1.3
EL,Greece,2021,inflation_rate,0.6
EL,Greece,2022,inflation_rate,9.3
EL,Greece,2023,inflation_rate,4.2
EL,Greece,2024,inflation_rate,3.0
ES,Spain,2014,inflation_rate,-0.2
ES,Spain,2015,inflation_rate,-0.6
ES,Spain,2016,inflation_rate,-0.3
ES,Spain,2017,inflation_rate,2.0
ES,Spain,2018,inflation_rate,1.7
ES,Spain,2019,inflation_rate,0.8
ES,Spain,2020,inflation_rate,-0.3
ES,Spain,2021,inflation_rate,3.0
ES,Spain,2022,inflation_rate,8.3
ES,Spain,2023,inflation_rate,3.4
ES,Spain,2024,inflation_rate,2.9
FI,Finland,2014,inflation_rate,1.2
FI,Finland,2015,inflation_rate,-0.2
FI,Finland,2016,inflation_rate,0.4
FI,Finland,2017,inflation_rate,0.8
FI,Finland,2018,inflation_rate,1.2
FI,Finland,2019,inflation_rate,1.1
FI,Finland,2020,inflation_rate,0.4
FI,Finland,2021,inflation_rate,2.1
FI,Finland,2022,inflation_rate,7.2
FI,Finland,2023,inflation_rate,4.3
FI,Finland,2024,inflation_rate,1.0
FR,France,2014,inflation_rate,0.6
FR,France,2015,inflation_rate,0.1
FR,France,2016,inflation_rate,0.3
FR,France,2017,inflation_rate,1.2
FR,France,2018,inflation_rate,2.1
FR,France,2019,inflation_rate,1.3
FR,France,2020,inflation_rate,0.5
FR,France,2021,inflation_rate,2.1
FR,France,2022,inflation_rate,5.9
FR,France,2023,inflation_rate,5.7
FR,France,2024,inflation_rate,2.3
HR,Croatia,2014,inflation_rate,0.2
HR,Croatia,2015,inflation_rate,-0.3
HR,Croatia,2016,inflation_rate,-0.6
HR,Croatia,2017,inflation_rate,1.3
HR,Croatia,2018,inflation_rate,1.6
HR,Croatia,2019,inflation_rate,0.8
HR,Croatia,2020,inflation_rate,0.0
HR,Croatia,2021,inflation_rate,2.7
HR,Croatia,2022,inflation_rate,10.7
HR,Croatia,2023,inflation_rate,8.4
HR,Croatia,2024,inflation_rate,4.0
IE,Ireland,2014,inflation_rate,0.3
IE,Ireland,2015,inflation_rate,0.0
IE,Ireland,2016,inflation_rate,-0.2
IE,Ireland,2017,inflation_rate,0.3
IE,Ireland,2018,inflation_rate,0.7
IE,Ireland,2019,inflation_rate,0.9
IE,Ireland,2020,inflation_rate,-0.5
IE,Ireland,2021,inflation_rate,2.4
IE,Ireland,2022,inflation_rate,8.1
IE,Ireland,2023,inflation_rate,5.2
IE,Ireland,2024,inflation_rate,1.3
IT,Italy,2014,inflation_rate,0.2
IT,Italy,2015,inflation_rate,0.2
IT,Italy,2016,inflation_rate,-0.1
IT,Italy,2017,inflation_rate,1.3
IT,Italy,2018,inflation_rate,1.2
IT,Italy,2019,inflation_rate,0.7
IT,Italy,2020,inflation_rate,-0.2
IT,Italy,2021,inflation_rate,2.0
IT,Italy,2022,inflation_rate,8.7
IT,Italy,2023,inflation_rate,5.9
IT,Italy,2024,inflation_rate,1.1
LT,Lithuania,2014,inflation_rate,0.2
LT,Lithuania,2015,inflation_rate,-0.7
LT,Lithuania,2016,inflation_rate,0.7
LT,Lithuania,2017,inflation_rate,3.7
LT,Lithuania,2018,inflation_rate,2.5
LT,Lithuania,2019,inflation_rate,2.2
LT,Lithuania,2020,inflation_rate,1.1
LT,Lithuania,2021,inflation_rate,4.6
LT,Lithuania,2022,inflation_rate,18.9
LT,Lithuania,2023,inflation_rate,8.7
LT,Lithuania,2024,inflation_rate,0.9
LU,Luxembourg,2014,inflation_rate,0.7
LU,Luxembourg,2015,inflation_rate,0.1
LU,Luxembourg,2016,inflation_rate,0.0
LU,Luxembourg,2017,inflation_rate,2.1
LU,Luxembourg,2018,inflation_rate,2.0
LU,Luxembourg,2019,inflation_rate,1.7
LU,Luxembourg,2020,inflation_rate,0.0
LU,Luxembourg,2021,inflation_rate,3.5
LU,Luxembourg,2022,inflation_rate,8.2
LU,Luxembourg,2023,inflation_rate,2.9
LU,Luxembourg,2024,inflation_rate,2.3
LV,Latvia,2014,inflation_rate,0.7
LV,Latvia,2015,inflation_rate,0.2
LV,Latvia,2016,inflation_rate,0.1
LV,Latvia,2017,inflation_rate,2.9
LV,Latvia,2018,inflation_rate,2.6
LV,Latvia,2019,inflation_rate,2.7
LV,Latvia,2020,inflation_rate,0.1
LV,Latvia,2021,inflation_rate,3.2
LV,Latvia,2022,inflation_rate,17.2
LV,Latvia,2023,inflation_rate,9.1
LV,Latvia,2024,inflation_rate,1.3
MT,Malta,2014,inflation_rate,0.8
MT,Malta,2015,inflation_rate,1.2
MT,Malta,2016,inflation_rate,0.9
MT,Malta,2017,inflation_rate,1.3
MT,Malta,2018,inflation_rate,1.7
MT,Malta,2019,inflation_rate,1.5
MT,Malta,2020,inflation_rate,0.8
MT,Malta,2021,inflation_rate,0.7
MT,Malta,2022,inflation_rate,6.1
MT,Malta,2023,inflation_rate,5.6
MT,Malta,2024,inflation_rate,2.4
NL,Netherlands,2014,inflation_rate,0.3
NL,Netherlands,2015,inflation_rate,0.2
NL,Netherlands,2016,inflation_rate,0.1
NL,Netherlands,2017,inflation_rate,1.3
NL,Netherlands,2018,inflation_rate,1.6
NL,Netherlands,2019,inflation_rate,2.7
NL,Netherlands,2020,inflation_rate,1.1
NL,Netherlands,2021,inflation_rate,2.8
NL,Netherlands,2022,inflation_rate,11.6
NL,Netherlands,2023,inflation_rate,4.1
NL,Netherlands,2024,inflation_rate,3.2
PT,Portugal,2014,inflation_rate,-0.2
PT,Portugal,2015,inflation_rate,0.5
PT,Portugal,2016,inflation_rate,0.6
PT,Portugal,2017,inflation_rate,1.6
PT,Portugal,2018,inflation_rate,1.2
PT,Portugal,2019,inflation_rate,0.3
PT,Portugal,2020,inflation_rate,-0.1
PT,Portugal,2021,inflation_rate,0.9
PT,Portugal,2022,inflation_rate,8.1
PT,Portugal,2023,inflation_rate,5.3
PT,Portugal,2024,inflation_rate,2.7
SI,Slovenia,2014,inflation_rate,0.4
SI,Slovenia,2015,inflation_rate,-0.8
SI,Slovenia,2016,inflation_rate,-0.2
SI,Slovenia,2017,inflation_rate,1.6
SI,Slovenia,2018,inflation_rate,1.9
SI,Slovenia,2019,inflation_rate,1.7
SI,Slovenia,2020,inflation_rate,-0.3
SI,Slovenia,2021,inflation_rate,2.0
SI,Slovenia,2022,inflation_rate,9.3
SI,Slovenia,2023,inflation_rate,7.2
SI,Slovenia,2024,inflation_rate,2.0
SK,Slovakia,2014,inflation_rate,-0.1
SK,Slovakia,2015,inflation_rate,-0.3
SK,Slovakia,2016,inflation_rate,-0.5
SK,Slovakia,2017,inflation_rate,1.4
SK,Slovakia,2018,inflation_rate,2.5
SK,Slovakia,2019,inflation_rate,2.8
SK,Slovakia,2020,inflation_rate,2.0
SK,Slovakia,2021,inflation_rate,2.8
SK,Slovakia,2022,inflation_rate,12.1
SK,Slovakia,2023,inflation_rate,11.0
SK,Slovakia,2024,inflation_rate,3.2
